id_contrato,pd
T000001,0.045454
T000002,0.044286
T000003,0.098823
T000004,0.044864
T000005,0.117423
T000006,0.037529
T000007,0.190056
T000008,0.32175
T000009,0.027907
T000010,0.165042
T000011,0.057662
T000012,0.029423
T000013,0.049273
T000014,0.141129
T000015,0.061719
T000016,0.045855
T000017,0.028856
T000018,0.115021
T000019,0.051822
T000020,0.083303
T000021,0.063581
T000022,0.04136
T000023,0.029295
T000024,0.042362
T000025,0.056742
T000026,0.083369
T000027,0.035068
T000028,0.128539
T000029,0.035707
T000030,0.050301
T000031,0.085084
T000032,0.060605
T000033,0.032791
T000034,0.103982
T000035,0.045105
T000036,0.06779
T000037,0.024561
T000038,0.040053
T000039,0.100488
T000040,0.072273
T000041,0.04629
T000042,0.411827
T000043,0.05969
T000044,0.075714
T000045,0.119163
T000046,0.042419
T000047,0.182596
T000048,0.042698
T000049,0.076694
T000050,0.037955
T000051,0.028806
T000052,0.076003
T000053,0.052255
T000054,0.050993
T000055,0.044032
T000056,0.097562
T000057,0.044144
T000058,0.06247
T000059,0.076497
T000060,0.036504
T000061,0.046631
T000062,0.061398
T000063,0.040669
T000064,0.0872
T000065,0.129313
T000066,0.042086
T000067,0.218723
T000068,0.335628
T000069,0.042086
T000070,0.063895
T000071,0.060092
T000072,0.037561
T000073,0.026128
T000074,0.03131
T000075,0.03066
T000076,0.0668
T000077,0.069353
T000078,0.21923
T000079,0.042662
T000080,0.027566
T000081,0.04297
T000082,0.086575
T000083,0.072824
T000084,0.062401
T000085,0.04136
T000086,0.031673
T000087,0.047471
T000088,0.037016
T000089,0.070705
T000090,0.058131
T000091,0.089879
T000092,0.057897
T000093,0.046676
T000094,0.040639
T000095,0.088862
T000096,0.063219
T000097,0.091762
T000098,0.164618
T000099,0.058464
T000100,0.066402
T000101,0.036396
T000102,0.057312
T000103,0.06365
T000104,0.300926
T000105,0.047276
T000106,0.133481
T000107,0.20714
T000108,0.027297
T000109,0.068468
T000110,0.041056
T000111,0.078503
T000112,0.038991
T000113,0.120819
T000114,0.36264
T000115,0.061869
T000116,0.290385
T000117,0.070543
T000118,0.04648
T000119,0.043718
T000120,0.044877
T000121,0.042972
T000122,0.027772
T000123,0.02652
T000124,0.055598
T000125,0.057542
T000126,0.088026
T000127,0.101069
T000128,0.05815
T000129,0.029707
T000130,0.258848
T000131,0.029002
T000132,0.035944
T000133,0.08413
T000134,0.027043
T000135,0.039373
T000136,0.026159
T000137,0.033922
T000138,0.044589
T000139,0.033492
T000140,0.045606
T000141,0.093135
T000142,0.0608
T000143,0.151398
T000144,0.052722
T000145,0.058882
T000146,0.163618
T000147,0.077918
T000148,0.110011
T000149,0.038486
T000150,0.075075
T000151,0.320459
T000152,0.043064
T000153,0.102208
T000154,0.037145
T000155,0.054408
T000156,0.04969
T000157,0.052353
T000158,0.038161
T000159,0.072451
T000160,0.525807
T000161,0.037925
T000162,0.048248
T000163,0.036755
T000164,0.087277
T000165,0.042018
T000166,0.098811
T000167,0.062091
T000168,0.598383
T000169,0.093248
T000170,0.04139
T000171,0.07219
T000172,0.042088
T000173,0.078042
T000174,0.022226
T000175,0.166908
T000176,0.123748
T000177,0.073932
T000178,0.036631
T000179,0.57811
T000180,0.03758
T000181,0.048066
T000182,0.044962
T000183,0.041168
T000184,0.121993
T000185,0.035324
T000186,0.052216
T000187,0.041762
T000188,0.07308
T000189,0.279161
T000190,0.064998
T000191,0.044953
T000192,0.085786
T000193,0.093221
T000194,0.053707
T000195,0.060357
T000196,0.034094
T000197,0.047149
T000198,0.039098
T000199,0.050795
T000200,0.043632
T000201,0.075996
T000202,0.080635
T000203,0.042951
T000204,0.068697
T000205,0.06491
T000206,0.039853
T000207,0.034688
T000208,0.057027
T000209,0.055771
T000210,0.048247
T000211,0.039212
T000212,0.041594
T000213,0.093439
T000214,0.158313
T000215,0.154637
T000216,0.066102
T000217,0.06177
T000218,0.056124
T000219,0.053504
T000220,0.092275
T000221,0.06216
T000222,0.087119
T000223,0.04874
T000224,0.131138
T000225,0.040497
T000226,0.033669
T000227,0.047461
T000228,0.033128
T000229,0.032195
T000230,0.057393
T000231,0.037495
T000232,0.040158
T000233,0.031669
T000234,0.113485
T000235,0.057663
T000236,0.039258
T000237,0.211086
T000238,0.080549
T000239,0.055549
T000240,0.044624
T000241,0.08182
T000242,0.282721
T000243,0.131519
T000244,0.033338
T000245,0.038738
T000246,0.103833
T000247,0.041602
T000248,0.091879
T000249,0.036516
T000250,0.056905
T000251,0.02685
T000252,0.321111
T000253,0.144465
T000254,0.125534
T000255,0.101277
T000256,0.03487
T000257,0.09913
T000258,0.027023
T000259,0.072699
T000260,0.026543
T000261,0.06612
T000262,0.04465
T000263,0.036263
T000264,0.04102
T000265,0.042652
T000266,0.036158
T000267,0.059737
T000268,0.029337
T000269,0.046335
T000270,0.050483
T000271,0.040378
T000272,0.045492
T000273,0.039629
T000274,0.080212
T000275,0.051356
T000276,0.081955
T000277,0.053795
T000278,0.036526
T000279,0.030844
T000280,0.038873
T000281,0.042593
T000282,0.03683
T000283,0.060796
T000284,0.165395
T000285,0.098195
T000286,0.048441
T000287,0.087425
T000288,0.057654
T000289,0.063773
T000290,0.041648
T000291,0.110736
T000292,0.040227
T000293,0.040137
T000294,0.082987
T000295,0.116019
T000296,0.041437
T000297,0.0692
T000298,0.033602
T000299,0.021352
T000300,0.058318
T000301,0.088706
T000302,0.036405
T000303,0.07016
T000304,0.056003
T000305,0.091891
T000306,0.115793
T000307,0.089365
T000308,0.030201
T000309,0.084078
T000310,0.028553
T000311,0.031384
T000312,0.029356
T000313,0.03045
T000314,0.04528
T000315,0.040829
T000316,0.043216
T000317,0.08369
T000318,0.053331
T000319,0.206801
T000320,0.031476
T000321,0.060835
T000322,0.034017
T000323,0.046726
T000324,0.122096
T000325,0.147949
T000326,0.043882
T000327,0.050661
T000328,0.085372
T000329,0.086712
T000330,0.043152
T000331,0.023283
T000332,0.084643
T000333,0.227317
T000334,0.029162
T000335,0.048101
T000336,0.046102
T000337,0.039608
T000338,0.044798
T000339,0.023838
T000340,0.183552
T000341,0.051342
T000342,0.042481
T000343,0.073096
T000344,0.034152
T000345,0.100654
T000346,0.033234
T000347,0.060147
T000348,0.164883
T000349,0.038571
T000350,0.058654
T000351,0.023642
T000352,0.04262
T000353,0.033482
T000354,0.031073
T000355,0.096934
T000356,0.055263
T000357,0.060203
T000358,0.040198
T000359,0.058425
T000360,0.051315
T000361,0.040641
T000362,0.034982
T000363,0.036513
T000364,0.094139
T000365,0.043758
T000366,0.026386
T000367,0.030543
T000368,0.037208
T000369,0.285438
T000370,0.038607
T000371,0.150739
T000372,0.049024
T000373,0.050872
T000374,0.035604
T000375,0.063485
T000376,0.055788
T000377,0.047765
T000378,0.055028
T000379,0.027606
T000380,0.045631
T000381,0.043316
T000382,0.031485
T000383,0.052741
T000384,0.225684
T000385,0.053816
T000386,0.036003
T000387,0.237692
T000388,0.035623
T000389,0.053746
T000390,0.105308
T000391,0.165917
T000392,0.087625
T000393,0.056823
T000394,0.04015
T000395,0.047458
T000396,0.073323
T000397,0.027019
T000398,0.142935
T000399,0.126795
T000400,0.029881
T000401,0.058196
T000402,0.089404
T000403,0.117501
T000404,0.02525
T000405,0.174016
T000406,0.058651
T000407,0.050033
T000408,0.037794
T000409,0.0621
T000410,0.097931
T000411,0.040033
T000412,0.095383
T000413,0.040216
T000414,0.031738
T000415,0.041356
T000416,0.230232
T000417,0.090164
T000418,0.025289
T000419,0.053983
T000420,0.127727
T000421,0.098964
T000422,0.054371
T000423,0.30986
T000424,0.093696
T000425,0.034748
T000426,0.078509
T000427,0.032753
T000428,0.044122
T000429,0.114858
T000430,0.063965
T000431,0.044222
T000432,0.198807
T000433,0.077248
T000434,0.049792
T000435,0.136143
T000436,0.102779
T000437,0.060046
T000438,0.024066
T000439,0.032832
T000440,0.050533
T000441,0.05152
T000442,0.030673
T000443,0.169595
T000444,0.047241
T000445,0.06947
T000446,0.041013
T000447,0.081107
T000448,0.052339
T000449,0.034643
T000450,0.030135
T000451,0.086233
T000452,0.065162
T000453,0.062584
T000454,0.064572
T000455,0.150955
T000456,0.053967
T000457,0.036747
T000458,0.037724
T000459,0.052224
T000460,0.028671
T000461,0.094492
T000462,0.029261
T000463,0.062232
T000464,0.033113
T000465,0.133029
T000466,0.048882
T000467,0.035483
T000468,0.033674
T000469,0.040181
T000470,0.040839
T000471,0.089996
T000472,0.048288
T000473,0.038529
T000474,0.049417
T000475,0.035758
T000476,0.077349
T000477,0.034046
T000478,0.05118
T000479,0.236222
T000480,0.041755
T000481,0.043008
T000482,0.032999
T000483,0.046666
T000484,0.027617
T000485,0.162517
T000486,0.036755
T000487,0.033036
T000488,0.030835
T000489,0.048398
T000490,0.282365
T000491,0.089654
T000492,0.081159
T000493,0.023589
T000494,0.047254
T000495,0.191284
T000496,0.075031
T000497,0.071988
T000498,0.062021
T000499,0.041369
T000500,0.04441
T000501,0.040733
T000502,0.030705
T000503,0.039173
T000504,0.055724
T000505,0.040365
T000506,0.040038
T000507,0.195937
T000508,0.219201
T000509,0.304869
T000510,0.041465
T000511,0.04917
T000512,0.048227
T000513,0.126057
T000514,0.064453
T000515,0.104072
T000516,0.038781
T000517,0.03577
T000518,0.153327
T000519,0.127331
T000520,0.028729
T000521,0.131166
T000522,0.034453
T000523,0.05672
T000524,0.029146
T000525,0.023053
T000526,0.031912
T000527,0.076284
T000528,0.075628
T000529,0.15991
T000530,0.178737
T000531,0.134516
T000532,0.098056
T000533,0.041559
T000534,0.039532
T000535,0.078107
T000536,0.040854
T000537,0.054259
T000538,0.083265
T000539,0.041179
T000540,0.096796
T000541,0.066166
T000542,0.053889
T000543,0.040223
T000544,0.058431
T000545,0.047128
T000546,0.038394
T000547,0.066248
T000548,0.040871
T000549,0.035757
T000550,0.422113
T000551,0.038966
T000552,0.027799
T000553,0.068612
T000554,0.073215
T000555,0.044397
T000556,0.059971
T000557,0.103407
T000558,0.029431
T000559,0.072959
T000560,0.213852
T000561,0.345928
T000562,0.084062
T000563,0.250631
T000564,0.023989
T000565,0.029836
T000566,0.091072
T000567,0.041163
T000568,0.050985
T000569,0.060656
T000570,0.06336
T000571,0.051323
T000572,0.057579
T000573,0.038678
T000574,0.069807
T000575,0.029482
T000576,0.035174
T000577,0.197789
T000578,0.097494
T000579,0.04075
T000580,0.029558
T000581,0.197435
T000582,0.313694
T000583,0.031532
T000584,0.173451
T000585,0.050833
T000586,0.039199
T000587,0.032524
T000588,0.031464
T000589,0.075801
T000590,0.027131
T000591,0.050998
T000592,0.056546
T000593,0.05653
T000594,0.034835
T000595,0.048639
T000596,0.12774
T000597,0.030145
T000598,0.24578
T000599,0.05752
T000600,0.063534
T000601,0.088953
T000602,0.052286
T000603,0.035428
T000604,0.027596
T000605,0.065987
T000606,0.045909
T000607,0.040142
T000608,0.06301
T000609,0.13832
T000610,0.248686
T000611,0.082536
T000612,0.191449
T000613,0.044639
T000614,0.022938
T000615,0.104188
T000616,0.221759
T000617,0.03315
T000618,0.098427
T000619,0.063006
T000620,0.106632
T000621,0.103689
T000622,0.419676
T000623,0.041145
T000624,0.112622
T000625,0.10967
T000626,0.066914
T000627,0.046078
T000628,0.350047
T000629,0.120627
T000630,0.042623
T000631,0.037525
T000632,0.042965
T000633,0.127831
T000634,0.040852
T000635,0.033894
T000636,0.118797
T000637,0.136152
T000638,0.038192
T000639,0.060253
T000640,0.019585
T000641,0.049068
T000642,0.159249
T000643,0.034634
T000644,0.053908
T000645,0.034366
T000646,0.031087
T000647,0.046962
T000648,0.042594
T000649,0.067379
T000650,0.030115
T000651,0.32659
T000652,0.042504
T000653,0.089218
T000654,0.031066
T000655,0.037697
T000656,0.047719
T000657,0.25193
T000658,0.038115
T000659,0.068743
T000660,0.167192
T000661,0.040256
T000662,0.080155
T000663,0.094032
T000664,0.040025
T000665,0.141795
T000666,0.045834
T000667,0.049538
T000668,0.053147
T000669,0.048049
T000670,0.040132
T000671,0.138745
T000672,0.046462
T000673,0.041273
T000674,0.088185
T000675,0.065301
T000676,0.030743
T000677,0.115464
T000678,0.039772
T000679,0.167238
T000680,0.033918
T000681,0.020334
T000682,0.038059
T000683,0.072889
T000684,0.052542
T000685,0.086565
T000686,0.048838
T000687,0.038099
T000688,0.222531
T000689,0.035921
T000690,0.042964
T000691,0.089186
T000692,0.052767
T000693,0.021559
T000694,0.028613
T000695,0.285879
T000696,0.034504
T000697,0.028077
T000698,0.080654
T000699,0.031454
T000700,0.163659
T000701,0.062104
T000702,0.036589
T000703,0.109443
T000704,0.035806
T000705,0.030401
T000706,0.431712
T000707,0.030777
T000708,0.232123
T000709,0.030426
T000710,0.073302
T000711,0.079303
T000712,0.046724
T000713,0.034584
T000714,0.032461
T000715,0.0444
T000716,0.025836
T000717,0.064985
T000718,0.106761
T000719,0.078204
T000720,0.042937
T000721,0.070002
T000722,0.085847
T000723,0.051376
T000724,0.095227
T000725,0.053395
T000726,0.151959
T000727,0.046254
T000728,0.076488
T000729,0.128574
T000730,0.028815
T000731,0.035811
T000732,0.045509
T000733,0.036061
T000734,0.17033
T000735,0.226467
T000736,0.131223
T000737,0.211919
T000738,0.046799
T000739,0.032831
T000740,0.069836
T000741,0.04578
T000742,0.049815
T000743,0.09071
T000744,0.058326
T000745,0.060489
T000746,0.058171
T000747,0.082347
T000748,0.056903
T000749,0.041192
T000750,0.078232
T000751,0.039183
T000752,0.417419
T000753,0.059943
T000754,0.082363
T000755,0.031578
T000756,0.034668
T000757,0.048385
T000758,0.036551
T000759,0.038562
T000760,0.047713
T000761,0.053611
T000762,0.03654
T000763,0.029954
T000764,0.155564
T000765,0.047905
T000766,0.263049
T000767,0.23345
T000768,0.139335
T000769,0.146076
T000770,0.140639
T000771,0.100136
T000772,0.11095
T000773,0.039596
T000774,0.038975
T000775,0.034057
T000776,0.058335
T000777,0.046789
T000778,0.044154
T000779,0.050881
T000780,0.040021
T000781,0.057573
T000782,0.025314
T000783,0.067551
T000784,0.06682
T000785,0.037763
T000786,0.038828
T000787,0.257365
T000788,0.048151
T000789,0.037658
T000790,0.047308
T000791,0.032695
T000792,0.044981
T000793,0.055787
T000794,0.112799
T000795,0.107994
T000796,0.041907
T000797,0.027184
T000798,0.056526
T000799,0.065433
T000800,0.066917
T000801,0.032569
T000802,0.05208
T000803,0.036032
T000804,0.053536
T000805,0.047929
T000806,0.08051
T000807,0.119213
T000808,0.065073
T000809,0.033297
T000810,0.048257
T000811,0.217759
T000812,0.107241
T000813,0.262263
T000814,0.052536
T000815,0.042086
T000816,0.114426
T000817,0.054906
T000818,0.045615
T000819,0.088999
T000820,0.10215
T000821,0.15311
T000822,0.045071
T000823,0.080227
T000824,0.034634
T000825,0.041331
T000826,0.068746
T000827,0.044305
T000828,0.042054
T000829,0.048081
T000830,0.104343
T000831,0.046445
T000832,0.033495
T000833,0.062009
T000834,0.061934
T000835,0.029763
T000836,0.024655
T000837,0.053023
T000838,0.031928
T000839,0.039661
T000840,0.041986
T000841,0.044517
T000842,0.063389
T000843,0.043455
T000844,0.132211
T000845,0.027536
T000846,0.313989
T000847,0.028972
T000848,0.073569
T000849,0.047596
T000850,0.119879
T000851,0.054366
T000852,0.02823
T000853,0.049771
T000854,0.040253
T000855,0.181728
T000856,0.03263
T000857,0.0334
T000858,0.147544
T000859,0.63135
T000860,0.031398
T000861,0.034222
T000862,0.054465
T000863,0.082706
T000864,0.040027
T000865,0.038193
T000866,0.106314
T000867,0.032037
T000868,0.060174
T000869,0.163373
T000870,0.219923
T000871,0.048808
T000872,0.058545
T000873,0.04646
T000874,0.208522
T000875,0.053893
T000876,0.071773
T000877,0.052741
T000878,0.055456
T000879,0.334057
T000880,0.034233
T000881,0.04012
T000882,0.038025
T000883,0.335419
T000884,0.105565
T000885,0.070504
T000886,0.034491
T000887,0.03779
T000888,0.1136
T000889,0.092164
T000890,0.043648
T000891,0.165457
T000892,0.067477
T000893,0.071119
T000894,0.036597
T000895,0.065621
T000896,0.060696
T000897,0.057424
T000898,0.125337
T000899,0.050101
T000900,0.032935
T000901,0.054106
T000902,0.022052
T000903,0.021683
T000904,0.040938
T000905,0.164443
T000906,0.123307
T000907,0.031841
T000908,0.059054
T000909,0.050527
T000910,0.059985
T000911,0.049884
T000912,0.029841
T000913,0.068548
T000914,0.056052
T000915,0.048094
T000916,0.026973
T000917,0.060424
T000918,0.034376
T000919,0.208461
T000920,0.25498
T000921,0.108892
T000922,0.037927
T000923,0.044759
T000924,0.08209
T000925,0.035529
T000926,0.056056
T000927,0.626371
T000928,0.103114
T000929,0.049574
T000930,0.03607
T000931,0.02788
T000932,0.169019
T000933,0.037793
T000934,0.049223
T000935,0.142031
T000936,0.028312
T000937,0.058358
T000938,0.043262
T000939,0.03098
T000940,0.064122
T000941,0.043019
T000942,0.085964
T000943,0.06228
T000944,0.354759
T000945,0.030723
T000946,0.044244
T000947,0.142293
T000948,0.034924
T000949,0.029455
T000950,0.027331
T000951,0.034261
T000952,0.029168
T000953,0.038042
T000954,0.324857
T000955,0.036833
T000956,0.037639
T000957,0.128673
T000958,0.120651
T000959,0.064233
T000960,0.026079
T000961,0.203401
T000962,0.031612
T000963,0.7007
T000964,0.05189
T000965,0.041651
T000966,0.068952
T000967,0.036431
T000968,0.062902
T000969,0.059414
T000970,0.045884
T000971,0.036019
T000972,0.046043
T000973,0.0341
T000974,0.093051
T000975,0.069736
T000976,0.049117
T000977,0.159051
T000978,0.040498
T000979,0.051752
T000980,0.116012
T000981,0.232305
T000982,0.055414
T000983,0.069353
T000984,0.030824
T000985,0.049381
T000986,0.036755
T000987,0.096604
T000988,0.04175
T000989,0.037256
T000990,0.031781
T000991,0.214537
T000992,0.046644
T000993,0.026235
T000994,0.115974
T000995,0.053042
T000996,0.056851
T000997,0.061884
T000998,0.058655
T000999,0.041404
T001000,0.085901
T001001,0.066621
T001002,0.207326
T001003,0.159138
T001004,0.155131
T001005,0.034211
T001006,0.079755
T001007,0.164795
T001008,0.035122
T001009,0.112363
T001010,0.037316
T001011,0.042155
T001012,0.052536
T001013,0.081202
T001014,0.041827
T001015,0.052442
T001016,0.219548
T001017,0.051053
T001018,0.103821
T001019,0.112062
T001020,0.060268
T001021,0.275524
T001022,0.084635
T001023,0.121279
T001024,0.03764
T001025,0.079791
T001026,0.056178
T001027,0.105755
T001028,0.308907
T001029,0.075684
T001030,0.058398
T001031,0.069849
T001032,0.04645
T001033,0.19108
T001034,0.106659
T001035,0.183642
T001036,0.045446
T001037,0.029622
T001038,0.027204
T001039,0.0402
T001040,0.061041
T001041,0.046588
T001042,0.208588
T001043,0.293027
T001044,0.065493
T001045,0.031596
T001046,0.026883
T001047,0.093676
T001048,0.0785
T001049,0.036078
T001050,0.068954
T001051,0.042029
T001052,0.07417
T001053,0.053985
T001054,0.021441
T001055,0.030916
T001056,0.029716
T001057,0.057008
T001058,0.044592
T001059,0.036808
T001060,0.281959
T001061,0.131513
T001062,0.055828
T001063,0.040899
T001064,0.165637
T001065,0.079047
T001066,0.161296
T001067,0.079024
T001068,0.058061
T001069,0.088091
T001070,0.255601
T001071,0.10585
T001072,0.385499
T001073,0.051718
T001074,0.02692
T001075,0.069617
T001076,0.181106
T001077,0.067456
T001078,0.032097
T001079,0.241038
T001080,0.036328
T001081,0.165363
T001082,0.099792
T001083,0.083531
T001084,0.043319
T001085,0.018763
T001086,0.139052
T001087,0.028937
T001088,0.040441
T001089,0.133622
T001090,0.039591
T001091,0.03541
T001092,0.096236
T001093,0.032027
T001094,0.055806
T001095,0.0286
T001096,0.029782
T001097,0.040961
T001098,0.18385
T001099,0.040103
T001100,0.063612
T001101,0.418827
T001102,0.102218
T001103,0.04948
T001104,0.034425
T001105,0.130994
T001106,0.053892
T001107,0.023232
T001108,0.056179
T001109,0.066561
T001110,0.041603
T001111,0.039986
T001112,0.051981
T001113,0.080644
T001114,0.055918
T001115,0.040016
T001116,0.159628
T001117,0.029131
T001118,0.082822
T001119,0.028847
T001120,0.040797
T001121,0.073905
T001122,0.036047
T001123,0.028957
T001124,0.032855
T001125,0.068933
T001126,0.041231
T001127,0.082815
T001128,0.037091
T001129,0.027563
T001130,0.026774
T001131,0.045784
T001132,0.101319
T001133,0.058973
T001134,0.045448
T001135,0.034044
T001136,0.206664
T001137,0.058631
T001138,0.034854
T001139,0.1171
T001140,0.046405
T001141,0.027957
T001142,0.041783
T001143,0.083384
T001144,0.041179
T001145,0.053998
T001146,0.04301
T001147,0.0481
T001148,0.613505
T001149,0.065611
T001150,0.092261
T001151,0.073871
T001152,0.038759
T001153,0.161336
T001154,0.106445
T001155,0.034854
T001156,0.031569
T001157,0.047325
T001158,0.057137
T001159,0.298976
T001160,0.058359
T001161,0.202203
T001162,0.066329
T001163,0.122681
T001164,0.063255
T001165,0.072591
T001166,0.061768
T001167,0.172329
T001168,0.054019
T001169,0.107649
T001170,0.053566
T001171,0.158189
T001172,0.166983
T001173,0.101102
T001174,0.053239
T001175,0.098772
T001176,0.077579
T001177,0.036256
T001178,0.05784
T001179,0.041242
T001180,0.044445
T001181,0.040588
T001182,0.104935
T001183,0.061767
T001184,0.028555
T001185,0.060228
T001186,0.031701
T001187,0.042652
T001188,0.043998
T001189,0.032317
T001190,0.041415
T001191,0.059518
T001192,0.06273
T001193,0.53906
T001194,0.063564
T001195,0.04725
T001196,0.043249
T001197,0.036033
T001198,0.034879
T001199,0.08031
T001200,0.033616
T001201,0.028199
T001202,0.039098
T001203,0.04518
T001204,0.060199
T001205,0.032862
T001206,0.035602
T001207,0.579652
T001208,0.036388
T001209,0.03371
T001210,0.044461
T001211,0.078615
T001212,0.076015
T001213,0.088855
T001214,0.031224
T001215,0.052923
T001216,0.10407
T001217,0.309047
T001218,0.075146
T001219,0.044632
T001220,0.040968
T001221,0.068303
T001222,0.041718
T001223,0.21083
T001224,0.027717
T001225,0.078896
T001226,0.043916
T001227,0.029591
T001228,0.083935
T001229,0.07031
T001230,0.092235
T001231,0.040305
T001232,0.03735
T001233,0.085054
T001234,0.039751
T001235,0.125053
T001236,0.046936
T001237,0.11259
T001238,0.141484
T001239,0.023001
T001240,0.064022
T001241,0.074003
T001242,0.153046
T001243,0.107358
T001244,0.093869
T001245,0.031811
T001246,0.025815
T001247,0.03668
T001248,0.060531
T001249,0.06438
T001250,0.038044
T001251,0.04897
T001252,0.124498
T001253,0.052296
T001254,0.101266
T001255,0.038686
T001256,0.110593
T001257,0.040064
T001258,0.024842
T001259,0.089382
T001260,0.039784
T001261,0.039167
T001262,0.144612
T001263,0.035906
T001264,0.03714
T001265,0.045965
T001266,0.333742
T001267,0.047547
T001268,0.057822
T001269,0.056567
T001270,0.051635
T001271,0.090474
T001272,0.036493
T001273,0.04753
T001274,0.070585
T001275,0.036387
T001276,0.042342
T001277,0.097035
T001278,0.038423
T001279,0.080072
T001280,0.034787
T001281,0.042528
T001282,0.040134
T001283,0.043216
T001284,0.049755
T001285,0.04316
T001286,0.063553
T001287,0.053658
T001288,0.025071
T001289,0.131791
T001290,0.03911
T001291,0.051172
T001292,0.036371
T001293,0.04837
T001294,0.075448
T001295,0.028911
T001296,0.060009
T001297,0.049608
T001298,0.04169
T001299,0.053318
T001300,0.028052
T001301,0.050461
T001302,0.066863
T001303,0.039586
T001304,0.055933
T001305,0.034456
T001306,0.093357
T001307,0.075532
T001308,0.076691
T001309,0.034159
T001310,0.083853
T001311,0.035659
T001312,0.04525
T001313,0.033422
T001314,0.033487
T001315,0.060066
T001316,0.143661
T001317,0.052301
T001318,0.047273
T001319,0.033565
T001320,0.054374
T001321,0.048684
T001322,0.104188
T001323,0.04058
T001324,0.126928
T001325,0.061838
T001326,0.057872
T001327,0.034832
T001328,0.053529
T001329,0.034791
T001330,0.05708
T001331,0.068979
T001332,0.068451
T001333,0.038787
T001334,0.0368
T001335,0.040028
T001336,0.02432
T001337,0.035974
T001338,0.06856
T001339,0.036803
T001340,0.046143
T001341,0.142937
T001342,0.063175
T001343,0.049167
T001344,0.050446
T001345,0.072152
T001346,0.032651
T001347,0.029946
T001348,0.046618
T001349,0.037338
T001350,0.049836
T001351,0.069119
T001352,0.234758
T001353,0.200177
T001354,0.069758
T001355,0.065637
T001356,0.058616
T001357,0.125387
T001358,0.031912
T001359,0.041545
T001360,0.032411
T001361,0.036531
T001362,0.019731
T001363,0.087675
T001364,0.058197
T001365,0.025562
T001366,0.038607
T001367,0.060317
T001368,0.043573
T001369,0.053333
T001370,0.046321
T001371,0.06315
T001372,0.055684
T001373,0.07994
T001374,0.128248
T001375,0.020916
T001376,0.406715
T001377,0.154579
T001378,0.036443
T001379,0.059354
T001380,0.036813
T001381,0.045773
T001382,0.042478
T001383,0.077105
T001384,0.077718
T001385,0.060697
T001386,0.043169
T001387,0.093599
T001388,0.038455
T001389,0.077336
T001390,0.050472
T001391,0.033057
T001392,0.131474
T001393,0.060314
T001394,0.119128
T001395,0.09839
T001396,0.048934
T001397,0.10785
T001398,0.063029
T001399,0.031494
T001400,0.033263
T001401,0.04403
T001402,0.033789
T001403,0.05391
T001404,0.041815
T001405,0.098816
T001406,0.147142
T001407,0.151511
T001408,0.044527
T001409,0.036959
T001410,0.088094
T001411,0.058011
T001412,0.046453
T001413,0.02301
T001414,0.04373
T001415,0.086774
T001416,0.048793
T001417,0.049698
T001418,0.025685
T001419,0.044441
T001420,0.154064
T001421,0.09348
T001422,0.061375
T001423,0.042158
T001424,0.052244
T001425,0.074615
T001426,0.027939
T001427,0.085495
T001428,0.035783
T001429,0.050365
T001430,0.025643
T001431,0.052651
T001432,0.026437
T001433,0.040245
T001434,0.097965
T001435,0.055086
T001436,0.238418
T001437,0.258042
T001438,0.036796
T001439,0.075354
T001440,0.040922
T001441,0.055888
T001442,0.135177
T001443,0.063473
T001444,0.101107
T001445,0.023772
T001446,0.030369
T001447,0.086294
T001448,0.033334
T001449,0.032475
T001450,0.035409
T001451,0.155623
T001452,0.355666
T001453,0.088445
T001454,0.407155
T001455,0.054318
T001456,0.041805
T001457,0.030631
T001458,0.062228
T001459,0.072704
T001460,0.026901
T001461,0.033179
T001462,0.059635
T001463,0.09547
T001464,0.285884
T001465,0.060078
T001466,0.07133
T001467,0.075632
T001468,0.076663
T001469,0.057394
T001470,0.063153
T001471,0.028378
T001472,0.1435
T001473,0.040477
T001474,0.092077
T001475,0.053851
T001476,0.03389
T001477,0.044515
T001478,0.095873
T001479,0.233655
T001480,0.053073
T001481,0.036117
T001482,0.098642
T001483,0.23191
T001484,0.101584
T001485,0.103002
T001486,0.043889
T001487,0.167835
T001488,0.049049
T001489,0.050337
T001490,0.231605
T001491,0.039346
T001492,0.062121
T001493,0.07681
T001494,0.037263
T001495,0.028635
T001496,0.059651
T001497,0.106228
T001498,0.036954
T001499,0.062887
T001500,0.025134
T001501,0.075712
T001502,0.099345
T001503,0.052846
T001504,0.063648
T001505,0.0423
T001506,0.296038
T001507,0.128411
T001508,0.058288
T001509,0.035672
T001510,0.142485
T001511,0.039941
T001512,0.022835
T001513,0.074535
T001514,0.06148
T001515,0.047178
T001516,0.043297
T001517,0.042891
T001518,0.045572
T001519,0.047472
T001520,0.15333
T001521,0.037469
T001522,0.11382
T001523,0.031355
T001524,0.041088
T001525,0.060595
T001526,0.046956
T001527,0.114148
T001528,0.020473
T001529,0.035294
T001530,0.060607
T001531,0.035976
T001532,0.026631
T001533,0.062769
T001534,0.040683
T001535,0.111394
T001536,0.035521
T001537,0.081221
T001538,0.030046
T001539,0.032731
T001540,0.036971
T001541,0.209896
T001542,0.035327
T001543,0.043974
T001544,0.031838
T001545,0.079169
T001546,0.04538
T001547,0.081566
T001548,0.035701
T001549,0.046902
T001550,0.03867
T001551,0.083784
T001552,0.101549
T001553,0.135329
T001554,0.043778
T001555,0.024332
T001556,0.160928
T001557,0.057021
T001558,0.033413
T001559,0.022702
T001560,0.05628
T001561,0.037891
T001562,0.06615
T001563,0.045578
T001564,0.112967
T001565,0.073959
T001566,0.131857
T001567,0.039271
T001568,0.079188
T001569,0.132639
T001570,0.036238
T001571,0.322952
T001572,0.087244
T001573,0.051145
T001574,0.029018
T001575,0.099003
T001576,0.345238
T001577,0.051377
T001578,0.067985
T001579,0.162214
T001580,0.071369
T001581,0.032842
T001582,0.051298
T001583,0.141055
T001584,0.107694
T001585,0.305356
T001586,0.067206
T001587,0.035212
T001588,0.042174
T001589,0.039251
T001590,0.10436
T001591,0.057619
T001592,0.04543
T001593,0.050383
T001594,0.033272
T001595,0.020502
T001596,0.041453
T001597,0.061431
T001598,0.066001
T001599,0.034567
T001600,0.037292
T001601,0.054701
T001602,0.038672
T001603,0.039241
T001604,0.054487
T001605,0.058091
T001606,0.103174
T001607,0.1059
T001608,0.049397
T001609,0.097443
T001610,0.064442
T001611,0.035056
T001612,0.128498
T001613,0.050715
T001614,0.036904
T001615,0.084264
T001616,0.05137
T001617,0.107476
T001618,0.225532
T001619,0.048709
T001620,0.17522
T001621,0.055731
T001622,0.150308
T001623,0.029952
T001624,0.036937
T001625,0.030141
T001626,0.055939
T001627,0.234234
T001628,0.052975
T001629,0.069982
T001630,0.137132
T001631,0.451143
T001632,0.034959
T001633,0.05246
T001634,0.031891
T001635,0.040466
T001636,0.048035
T001637,0.027916
T001638,0.123274
T001639,0.047147
T001640,0.171105
T001641,0.035712
T001642,0.084222
T001643,0.04139
T001644,0.029723
T001645,0.058571
T001646,0.067277
T001647,0.048392
T001648,0.076323
T001649,0.065273
T001650,0.048636
T001651,0.294956
T001652,0.104585
T001653,0.197195
T001654,0.048068
T001655,0.046878
T001656,0.094838
T001657,0.035513
T001658,0.102578
T001659,0.04724
T001660,0.046983
T001661,0.035698
T001662,0.252435
T001663,0.051584
T001664,0.051247
T001665,0.16096
T001666,0.047925
T001667,0.046947
T001668,0.032611
T001669,0.076551
T001670,0.061678
T001671,0.063046
T001672,0.048872
T001673,0.025625
T001674,0.050088
T001675,0.044091
T001676,0.255104
T001677,0.026882
T001678,0.111907
T001679,0.03549
T001680,0.033536
T001681,0.095512
T001682,0.061032
T001683,0.03168
T001684,0.033265
T001685,0.038839
T001686,0.034933
T001687,0.068461
T001688,0.066872
T001689,0.193063
T001690,0.04045
T001691,0.044545
T001692,0.038391
T001693,0.051753
T001694,0.208189
T001695,0.051061
T001696,0.033512
T001697,0.280767
T001698,0.187321
T001699,0.065633
T001700,0.082978
T001701,0.03795
T001702,0.054861
T001703,0.039948
T001704,0.03203
T001705,0.0869
T001706,0.350297
T001707,0.04342
T001708,0.056498
T001709,0.069566
T001710,0.044913
T001711,0.198142
T001712,0.197207
T001713,0.133585
T001714,0.027908
T001715,0.10635
T001716,0.057859
T001717,0.030703
T001718,0.028339
T001719,0.225871
T001720,0.111866
T001721,0.039638
T001722,0.086736
T001723,0.027116
T001724,0.049165
T001725,0.125582
T001726,0.034654
T001727,0.036347
T001728,0.033885
T001729,0.070963
T001730,0.046932
T001731,0.025172
T001732,0.03709
T001733,0.040126
T001734,0.036886
T001735,0.028584
T001736,0.060006
T001737,0.299236
T001738,0.053079
T001739,0.043505
T001740,0.0758
T001741,0.053415
T001742,0.051236
T001743,0.066048
T001744,0.044657
T001745,0.040453
T001746,0.044026
T001747,0.049346
T001748,0.119555
T001749,0.066856
T001750,0.072772
T001751,0.060554
T001752,0.08757
T001753,0.051773
T001754,0.038777
T001755,0.088855
T001756,0.37809
T001757,0.320948
T001758,0.141309
T001759,0.07076
T001760,0.030435
T001761,0.046701
T001762,0.097104
T001763,0.032272
T001764,0.034081
T001765,0.126027
T001766,0.064343
T001767,0.030928
T001768,0.095666
T001769,0.039186
T001770,0.024491
T001771,0.027991
T001772,0.032627
T001773,0.29446
T001774,0.059996
T001775,0.085329
T001776,0.077151
T001777,0.039664
T001778,0.034576
T001779,0.048606
T001780,0.068995
T001781,0.067171
T001782,0.044371
T001783,0.068175
T001784,0.055652
T001785,0.482393
T001786,0.037643
T001787,0.080474
T001788,0.033414
T001789,0.056607
T001790,0.520054
T001791,0.026551
T001792,0.039352
T001793,0.035886
T001794,0.048669
T001795,0.040012
T001796,0.064365
T001797,0.068858
T001798,0.036784
T001799,0.053753
T001800,0.156107
T001801,0.046434
T001802,0.026407
T001803,0.064059
T001804,0.102191
T001805,0.060612
T001806,0.056961
T001807,0.066848
T001808,0.128149
T001809,0.160543
T001810,0.058238
T001811,0.036567
T001812,0.071902
T001813,0.044732
T001814,0.048199
T001815,0.149787
T001816,0.049699
T001817,0.060631
T001818,0.155735
T001819,0.052974
T001820,0.052001
T001821,0.03498
T001822,0.213732
T001823,0.042461
T001824,0.086081
T001825,0.031264
T001826,0.066008
T001827,0.241418
T001828,0.037344
T001829,0.038083
T001830,0.418052
T001831,0.060815
T001832,0.02897
T001833,0.042614
T001834,0.302934
T001835,0.170775
T001836,0.116881
T001837,0.022347
T001838,0.035047
T001839,0.078164
T001840,0.057334
T001841,0.057623
T001842,0.029061
T001843,0.034386
T001844,0.041278
T001845,0.049578
T001846,0.040436
T001847,0.201618
T001848,0.040986
T001849,0.035178
T001850,0.048804
T001851,0.042214
T001852,0.103669
T001853,0.141262
T001854,0.045847
T001855,0.041392
T001856,0.129076
T001857,0.03533
T001858,0.045066
T001859,0.03578
T001860,0.035924
T001861,0.078063
T001862,0.034109
T001863,0.06979
T001864,0.093195
T001865,0.054945
T001866,0.043068
T001867,0.040201
T001868,0.038198
T001869,0.038712
T001870,0.027261
T001871,0.04529
T001872,0.031644
T001873,0.062388
T001874,0.04752
T001875,0.055273
T001876,0.079562
T001877,0.052283
T001878,0.078914
T001879,0.036396
T001880,0.029772
T001881,0.047953
T001882,0.293446
T001883,0.119469
T001884,0.061266
T001885,0.070203
T001886,0.044392
T001887,0.026502
T001888,0.049482
T001889,0.057331
T001890,0.197422
T001891,0.16558
T001892,0.033028
T001893,0.26069
T001894,0.033719
T001895,0.027364
T001896,0.046451
T001897,0.045244
T001898,0.050851
T001899,0.052427
T001900,0.035224
T001901,0.030872
T001902,0.039929
T001903,0.056477
T001904,0.096942
T001905,0.04548
T001906,0.050569
T001907,0.029351
T001908,0.147325
T001909,0.060834
T001910,0.058801
T001911,0.749055
T001912,0.072651
T001913,0.034926
T001914,0.038281
T001915,0.038281
T001916,0.050084
T001917,0.053042
T001918,0.025014
T001919,0.054693
T001920,0.066849
T001921,0.029462
T001922,0.034411
T001923,0.043619
T001924,0.049071
T001925,0.200389
T001926,0.046303
T001927,0.056846
T001928,0.044408
T001929,0.076471
T001930,0.039168
T001931,0.038277
T001932,0.044434
T001933,0.059419
T001934,0.077404
T001935,0.035269
T001936,0.387485
T001937,0.031934
T001938,0.031278
T001939,0.067711
T001940,0.035962
T001941,0.064394
T001942,0.205235
T001943,0.029801
T001944,0.071029
T001945,0.078296
T001946,0.046744
T001947,0.037803
T001948,0.031878
T001949,0.067338
T001950,0.026805
T001951,0.030217
T001952,0.247815
T001953,0.038568
T001954,0.035375
T001955,0.165292
T001956,0.035041
T001957,0.081227
T001958,0.050938
T001959,0.08132
T001960,0.04881
T001961,0.284808
T001962,0.077335
T001963,0.060038
T001964,0.032643
T001965,0.068216
T001966,0.037795
T001967,0.085253
T001968,0.04889
T001969,0.05173
T001970,0.246472
T001971,0.12909
T001972,0.049055
T001973,0.073343
T001974,0.100211
T001975,0.064546
T001976,0.087395
T001977,0.046685
T001978,0.030455
T001979,0.041134
T001980,0.056024
T001981,0.052721
T001982,0.063541
T001983,0.116148
T001984,0.049883
T001985,0.035729
T001986,0.087178
T001987,0.034268
T001988,0.073893
T001989,0.062728
T001990,0.050919
T001991,0.290936
T001992,0.037845
T001993,0.0341
T001994,0.107605
T001995,0.035651
T001996,0.049358
T001997,0.086377
T001998,0.085231
T001999,0.068611
T002000,0.055375
T002001,0.094591
T002002,0.030537
T002003,0.044429
T002004,0.326795
T002005,0.043019
T002006,0.065741
T002007,0.060156
T002008,0.184542
T002009,0.195254
T002010,0.03648
T002011,0.053837
T002012,0.095897
T002013,0.067055
T002014,0.059564
T002015,0.052182
T002016,0.239815
T002017,0.06868
T002018,0.039578
T002019,0.044676
T002020,0.403783
T002021,0.024471
T002022,0.041326
T002023,0.031771
T002024,0.045568
T002025,0.047658
T002026,0.06935
T002027,0.043277
T002028,0.181368
T002029,0.03799
T002030,0.061854
T002031,0.044374
T002032,0.15241
T002033,0.036253
T002034,0.047486
T002035,0.089888
T002036,0.032644
T002037,0.192729
T002038,0.0477
T002039,0.041031
T002040,0.04784
T002041,0.041431
T002042,0.11435
T002043,0.058965
T002044,0.032003
T002045,0.049964
T002046,0.034609
T002047,0.043981
T002048,0.051073
T002049,0.041496
T002050,0.023424
T002051,0.119207
T002052,0.029746
T002053,0.054716
T002054,0.041564
T002055,0.123531
T002056,0.166126
T002057,0.053629
T002058,0.041558
T002059,0.101814
T002060,0.041282
T002061,0.046527
T002062,0.093445
T002063,0.038254
T002064,0.044692
T002065,0.036254
T002066,0.058958
T002067,0.03395
T002068,0.258126
T002069,0.043905
T002070,0.196427
T002071,0.033658
T002072,0.206251
T002073,0.029947
T002074,0.035405
T002075,0.045992
T002076,0.053608
T002077,0.037598
T002078,0.035324
T002079,0.051125
T002080,0.020978
T002081,0.034144
T002082,0.057189
T002083,0.085298
T002084,0.054994
T002085,0.143552
T002086,0.025418
T002087,0.133522
T002088,0.077593
T002089,0.066615
T002090,0.062932
T002091,0.035675
T002092,0.075992
T002093,0.054957
T002094,0.060661
T002095,0.053201
T002096,0.029049
T002097,0.068291
T002098,0.09998
T002099,0.22967
T002100,0.041026
T002101,0.078595
T002102,0.031408
T002103,0.576578
T002104,0.036828
T002105,0.105881
T002106,0.196336
T002107,0.157806
T002108,0.035162
T002109,0.034607
T002110,0.041822
T002111,0.116139
T002112,0.030804
T002113,0.110853
T002114,0.040089
T002115,0.319918
T002116,0.047243
T002117,0.447657
T002118,0.036671
T002119,0.196989
T002120,0.034375
T002121,0.060952
T002122,0.055991
T002123,0.121792
T002124,0.047791
T002125,0.056704
T002126,0.283746
T002127,0.140034
T002128,0.056965
T002129,0.051192
T002130,0.042866
T002131,0.146867
T002132,0.023205
T002133,0.069231
T002134,0.067682
T002135,0.027305
T002136,0.105311
T002137,0.047304
T002138,0.172301
T002139,0.030188
T002140,0.040729
T002141,0.03181
T002142,0.032737
T002143,0.048277
T002144,0.160902
T002145,0.101923
T002146,0.037839
T002147,0.047926
T002148,0.04268
T002149,0.04513
T002150,0.065524
T002151,0.035497
T002152,0.048981
T002153,0.308285
T002154,0.098676
T002155,0.060001
T002156,0.034219
T002157,0.103651
T002158,0.066439
T002159,0.04385
T002160,0.042346
T002161,0.274237
T002162,0.038359
T002163,0.060152
T002164,0.058508
T002165,0.026186
T002166,0.05422
T002167,0.03418
T002168,0.124088
T002169,0.048104
T002170,0.047418
T002171,0.03808
T002172,0.101645
T002173,0.036516
T002174,0.066082
T002175,0.034239
T002176,0.127667
T002177,0.038577
T002178,0.057109
T002179,0.101309
T002180,0.144351
T002181,0.075629
T002182,0.145732
T002183,0.025105
T002184,0.070044
T002185,0.079097
T002186,0.121954
T002187,0.062058
T002188,0.035951
T002189,0.062766
T002190,0.041683
T002191,0.032869
T002192,0.049186
T002193,0.066365
T002194,0.037441
T002195,0.079062
T002196,0.056877
T002197,0.062744
T002198,0.098476
T002199,0.044361
T002200,0.215144
T002201,0.070901
T002202,0.094812
T002203,0.134999
T002204,0.122446
T002205,0.01984
T002206,0.095937
T002207,0.126032
T002208,0.066534
T002209,0.115725
T002210,0.024023
T002211,0.315279
T002212,0.045128
T002213,0.032107
T002214,0.045419
T002215,0.084308
T002216,0.040236
T002217,0.034105
T002218,0.061985
T002219,0.060547
T002220,0.075507
T002221,0.16159
T002222,0.176204
T002223,0.094187
T002224,0.0335
T002225,0.038292
T002226,0.040903
T002227,0.038032
T002228,0.026562
T002229,0.054643
T002230,0.275656
T002231,0.077293
T002232,0.196104
T002233,0.176845
T002234,0.040295
T002235,0.030871
T002236,0.143509
T002237,0.043461
T002238,0.041361
T002239,0.047123
T002240,0.093394
T002241,0.098049
T002242,0.060012
T002243,0.09741
T002244,0.04969
T002245,0.0274
T002246,0.253103
T002247,0.088434
T002248,0.200773
T002249,0.10232
T002250,0.036439
T002251,0.037379
T002252,0.065364
T002253,0.0343
T002254,0.0552
T002255,0.061744
T002256,0.425151
T002257,0.042082
T002258,0.028722
T002259,0.040861
T002260,0.089151
T002261,0.091965
T002262,0.045745
T002263,0.033871
T002264,0.108726
T002265,0.080695
T002266,0.152564
T002267,0.057738
T002268,0.024095
T002269,0.094289
T002270,0.116913
T002271,0.044565
T002272,0.029997
T002273,0.063314
T002274,0.056127
T002275,0.040855
T002276,0.126479
T002277,0.066235
T002278,0.024531
T002279,0.097631
T002280,0.091323
T002281,0.090019
T002282,0.037308
T002283,0.14272
T002284,0.047289
T002285,0.236384
T002286,0.033646
T002287,0.08835
T002288,0.065268
T002289,0.037309
T002290,0.101325
T002291,0.25758
T002292,0.043061
T002293,0.034948
T002294,0.026515
T002295,0.037244
T002296,0.042566
T002297,0.047209
T002298,0.043124
T002299,0.097947
T002300,0.029218
T002301,0.109278
T002302,0.172609
T002303,0.097255
T002304,0.0305
T002305,0.066426
T002306,0.051531
T002307,0.408079
T002308,0.064365
T002309,0.094083
T002310,0.048787
T002311,0.061914
T002312,0.236675
T002313,0.0707
T002314,0.05695
T002315,0.046542
T002316,0.407709
T002317,0.03884
T002318,0.137296
T002319,0.351412
T002320,0.089942
T002321,0.027699
T002322,0.089574
T002323,0.036237
T002324,0.023767
T002325,0.066387
T002326,0.027348
T002327,0.080298
T002328,0.023317
T002329,0.051535
T002330,0.062863
T002331,0.627353
T002332,0.06521
T002333,0.061363
T002334,0.052323
T002335,0.116878
T002336,0.033402
T002337,0.033
T002338,0.035792
T002339,0.208194
T002340,0.035237
T002341,0.05046
T002342,0.02622
T002343,0.042366
T002344,0.039929
T002345,0.035181
T002346,0.056533
T002347,0.214802
T002348,0.070043
T002349,0.043838
T002350,0.056983
T002351,0.099387
T002352,0.042881
T002353,0.04895
T002354,0.045945
T002355,0.054627
T002356,0.044804
T002357,0.040162
T002358,0.041008
T002359,0.034871
T002360,0.083938
T002361,0.201881
T002362,0.039492
T002363,0.068947
T002364,0.130554
T002365,0.06568
T002366,0.044467
T002367,0.131583
T002368,0.027559
T002369,0.038466
T002370,0.027043
T002371,0.037879
T002372,0.280862
T002373,0.033168
T002374,0.179567
T002375,0.067069
T002376,0.049839
T002377,0.071062
T002378,0.429734
T002379,0.041247
T002380,0.030877
T002381,0.041017
T002382,0.034937
T002383,0.037072
T002384,0.340163
T002385,0.07355
T002386,0.023607
T002387,0.042828
T002388,0.04167
T002389,0.032792
T002390,0.034445
T002391,0.170989
T002392,0.028982
T002393,0.042804
T002394,0.112312
T002395,0.0469
T002396,0.026883
T002397,0.084318
T002398,0.040978
T002399,0.077976
T002400,0.02635
T002401,0.030301
T002402,0.185562
T002403,0.045315
T002404,0.037247
T002405,0.06318
T002406,0.055281
T002407,0.075882
T002408,0.045237
T002409,0.036463
T002410,0.02709
T002411,0.042225
T002412,0.05511
T002413,0.03012
T002414,0.066583
T002415,0.052931
T002416,0.251003
T002417,0.024111
T002418,0.03138
T002419,0.049249
T002420,0.024588
T002421,0.029075
T002422,0.102735
T002423,0.042921
T002424,0.046532
T002425,0.042119
T002426,0.050138
T002427,0.046694
T002428,0.023711
T002429,0.084226
T002430,0.063955
T002431,0.038484
T002432,0.031917
T002433,0.108904
T002434,0.146629
T002435,0.029174
T002436,0.048957
T002437,0.0287
T002438,0.024653
T002439,0.044559
T002440,0.286477
T002441,0.058282
T002442,0.262675
T002443,0.035724
T002444,0.075176
T002445,0.069529
T002446,0.049603
T002447,0.135957
T002448,0.148209
T002449,0.039463
T002450,0.063968
T002451,0.116478
T002452,0.031453
T002453,0.061856
T002454,0.127941
T002455,0.043645
T002456,0.04136
T002457,0.064757
T002458,0.053909
T002459,0.048719
T002460,0.04146
T002461,0.09608
T002462,0.07497
T002463,0.055526
T002464,0.116743
T002465,0.071616
T002466,0.120944
T002467,0.040838
T002468,0.038927
T002469,0.034984
T002470,0.037296
T002471,0.030104
T002472,0.095475
T002473,0.08846
T002474,0.078044
T002475,0.121496
T002476,0.251999
T002477,0.136445
T002478,0.036879
T002479,0.045368
T002480,0.050703
T002481,0.03848
T002482,0.050624
T002483,0.020765
T002484,0.052186
T002485,0.02664
T002486,0.029377
T002487,0.099866
T002488,0.121234
T002489,0.037965
T002490,0.027343
T002491,0.146383
T002492,0.048073
T002493,0.030912
T002494,0.040028
T002495,0.045376
T002496,0.044833
T002497,0.066482
T002498,0.107033
T002499,0.032642
T002500,0.132232
T002501,0.098334
T002502,0.040362
T002503,0.02545
T002504,0.388048
T002505,0.026927
T002506,0.03355
T002507,0.23757
T002508,0.038776
T002509,0.043308
T002510,0.068134
T002511,0.076027
T002512,0.026926
T002513,0.071967
T002514,0.038137
T002515,0.034533
T002516,0.024641
T002517,0.068733
T002518,0.030794
T002519,0.044582
T002520,0.088928
T002521,0.196989
T002522,0.079629
T002523,0.040976
T002524,0.220331
T002525,0.031563
T002526,0.074952
T002527,0.055416
T002528,0.047531
T002529,0.032891
T002530,0.109224
T002531,0.154261
T002532,0.063722
T002533,0.232903
T002534,0.034258
T002535,0.149848
T002536,0.039308
T002537,0.066553
T002538,0.060125
T002539,0.022185
T002540,0.080875
T002541,0.031613
T002542,0.050431
T002543,0.06324
T002544,0.043071
T002545,0.045611
T002546,0.065379
T002547,0.075646
T002548,0.27305
T002549,0.050324
T002550,0.065567
T002551,0.080198
T002552,0.06426
T002553,0.03022
T002554,0.090784
T002555,0.199745
T002556,0.058329
T002557,0.119547
T002558,0.041182
T002559,0.031421
T002560,0.072837
T002561,0.297341
T002562,0.20649
T002563,0.128249
T002564,0.063914
T002565,0.037393
T002566,0.036641
T002567,0.034565
T002568,0.072618
T002569,0.173388
T002570,0.153288
T002571,0.050383
T002572,0.041645
T002573,0.039505
T002574,0.035011
T002575,0.034334
T002576,0.056987
T002577,0.070172
T002578,0.071027
T002579,0.037722
T002580,0.03676
T002581,0.229807
T002582,0.065994
T002583,0.069961
T002584,0.058402
T002585,0.053919
T002586,0.050648
T002587,0.0384
T002588,0.023786
T002589,0.20649
T002590,0.063297
T002591,0.065047
T002592,0.027039
T002593,0.042232
T002594,0.042647
T002595,0.046202
T002596,0.095406
T002597,0.032574
T002598,0.022477
T002599,0.077527
T002600,0.031872
T002601,0.044553
T002602,0.029328
T002603,0.043405
T002604,0.056964
T002605,0.035058
T002606,0.057367
T002607,0.128892
T002608,0.033581
T002609,0.055365
T002610,0.03647
T002611,0.037425
T002612,0.1604
T002613,0.034716
T002614,0.055477
T002615,0.054393
T002616,0.060092
T002617,0.122945
T002618,0.169337
T002619,0.088349
T002620,0.030763
T002621,0.035495
T002622,0.038187
T002623,0.039019
T002624,0.030219
T002625,0.082867
T002626,0.062061
T002627,0.034049
T002628,0.030812
T002629,0.061693
T002630,0.077094
T002631,0.029688
T002632,0.033749
T002633,0.033859
T002634,0.024633
T002635,0.033026
T002636,0.3138
T002637,0.061828
T002638,0.050493
T002639,0.188608
T002640,0.13741
T002641,0.217527
T002642,0.064964
T002643,0.040873
T002644,0.45902
T002645,0.033277
T002646,0.040671
T002647,0.03141
T002648,0.193327
T002649,0.028473
T002650,0.051155
T002651,0.169911
T002652,0.058875
T002653,0.050329
T002654,0.039616
T002655,0.036091
T002656,0.113145
T002657,0.025144
T002658,0.067467
T002659,0.0521
T002660,0.116675
T002661,0.08551
T002662,0.042026
T002663,0.027424
T002664,0.048079
T002665,0.039901
T002666,0.047249
T002667,0.048237
T002668,0.110599
T002669,0.022605
T002670,0.038893
T002671,0.092912
T002672,0.056164
T002673,0.177697
T002674,0.039309
T002675,0.043434
T002676,0.157825
T002677,0.077828
T002678,0.059629
T002679,0.030069
T002680,0.037334
T002681,0.093001
T002682,0.051479
T002683,0.042225
T002684,0.033895
T002685,0.105051
T002686,0.061847
T002687,0.03006
T002688,0.062807
T002689,0.042614
T002690,0.065463
T002691,0.046646
T002692,0.040514
T002693,0.082223
T002694,0.034855
T002695,0.025942
T002696,0.11024
T002697,0.027998
T002698,0.378897
T002699,0.036575
T002700,0.365006
T002701,0.130412
T002702,0.03324
T002703,0.661503
T002704,0.035656
T002705,0.074207
T002706,0.023899
T002707,0.024087
T002708,0.05949
T002709,0.066893
T002710,0.084885
T002711,0.081117
T002712,0.084006
T002713,0.032014
T002714,0.031926
T002715,0.199059
T002716,0.025244
T002717,0.022978
T002718,0.030882
T002719,0.046766
T002720,0.027782
T002721,0.043656
T002722,0.038412
T002723,0.024939
T002724,0.030494
T002725,0.068517
T002726,0.137549
T002727,0.023413
T002728,0.032061
T002729,0.079685
T002730,0.779117
T002731,0.086585
T002732,0.161153
T002733,0.233389
T002734,0.03845
T002735,0.021106
T002736,0.052451
T002737,0.03648
T002738,0.035717
T002739,0.026046
T002740,0.049667
T002741,0.04972
T002742,0.03731
T002743,0.063093
T002744,0.062121
T002745,0.034722
T002746,0.070513
T002747,0.109964
T002748,0.031621
T002749,0.052067
T002750,0.039851
T002751,0.072322
T002752,0.022456
T002753,0.084622
T002754,0.032545
T002755,0.044279
T002756,0.058176
T002757,0.114192
T002758,0.037193
T002759,0.212315
T002760,0.075881
T002761,0.069708
T002762,0.050244
T002763,0.114039
T002764,0.048435
T002765,0.065453
T002766,0.047544
T002767,0.057648
T002768,0.035774
T002769,0.03539
T002770,0.286596
T002771,0.262919
T002772,0.055986
T002773,0.219736
T002774,0.053517
T002775,0.026034
T002776,0.087799
T002777,0.051716
T002778,0.055845
T002779,0.187439
T002780,0.044163
T002781,0.093344
T002782,0.048276
T002783,0.087311
T002784,0.033474
T002785,0.035592
T002786,0.056938
T002787,0.028073
T002788,0.063244
T002789,0.054768
T002790,0.030877
T002791,0.037745
T002792,0.318395
T002793,0.048275
T002794,0.034988
T002795,0.036425
T002796,0.048965
T002797,0.030087
T002798,0.100758
T002799,0.040601
T002800,0.048676
T002801,0.215588
T002802,0.053617
T002803,0.059947
T002804,0.056643
T002805,0.044007
T002806,0.076751
T002807,0.036897
T002808,0.060926
T002809,0.041391
T002810,0.043492
T002811,0.052609
T002812,0.057606
T002813,0.062543
T002814,0.219238
T002815,0.038702
T002816,0.032047
T002817,0.139385
T002818,0.038465
T002819,0.070336
T002820,0.047741
T002821,0.11147
T002822,0.0633
T002823,0.077536
T002824,0.054322
T002825,0.046929
T002826,0.123631
T002827,0.118663
T002828,0.035233
T002829,0.20588
T002830,0.031075
T002831,0.216078
T002832,0.040211
T002833,0.084321
T002834,0.426767
T002835,0.04932
T002836,0.025284
T002837,0.048551
T002838,0.03907
T002839,0.079017
T002840,0.04291
T002841,0.037936
T002842,0.055346
T002843,0.032458
T002844,0.04255
T002845,0.310766
T002846,0.033996
T002847,0.055945
T002848,0.087177
T002849,0.036435
T002850,0.045842
T002851,0.049133
T002852,0.059028
T002853,0.028427
T002854,0.057827
T002855,0.064678
T002856,0.038145
T002857,0.141863
T002858,0.214116
T002859,0.030103
T002860,0.025013
T002861,0.047647
T002862,0.037513
T002863,0.030719
T002864,0.485531
T002865,0.291689
T002866,0.07431
T002867,0.09383
T002868,0.028445
T002869,0.075787
T002870,0.060036
T002871,0.200141
T002872,0.090887
T002873,0.045481
T002874,0.067954
T002875,0.072374
T002876,0.070832
T002877,0.041025
T002878,0.127311
T002879,0.052486
T002880,0.080651
T002881,0.038979
T002882,0.233246
T002883,0.051937
T002884,0.046017
T002885,0.031721
T002886,0.056669
T002887,0.085002
T002888,0.041378
T002889,0.063364
T002890,0.066134
T002891,0.059334
T002892,0.05231
T002893,0.029997
T002894,0.033998
T002895,0.305937
T002896,0.036852
T002897,0.054303
T002898,0.037294
T002899,0.069345
T002900,0.033582
T002901,0.233172
T002902,0.116426
T002903,0.039922
T002904,0.052042
T002905,0.086187
T002906,0.039929
T002907,0.058565
T002908,0.040608
T002909,0.040432
T002910,0.034313
T002911,0.043211
T002912,0.07592
T002913,0.421401
T002914,0.029753
T002915,0.403344
T002916,0.029413
T002917,0.182244
T002918,0.072865
T002919,0.043571
T002920,0.056339
T002921,0.166684
T002922,0.033535
T002923,0.03956
T002924,0.067628
T002925,0.120303
T002926,0.030741
T002927,0.100349
T002928,0.099001
T002929,0.227248
T002930,0.038657
T002931,0.070279
T002932,0.118447
T002933,0.08706
T002934,0.079036
T002935,0.070292
T002936,0.046589
T002937,0.024343
T002938,0.036913
T002939,0.044041
T002940,0.044335
T002941,0.062368
T002942,0.173687
T002943,0.050126
T002944,0.046713
T002945,0.050048
T002946,0.082642
T002947,0.051564
T002948,0.057162
T002949,0.053437
T002950,0.050271
T002951,0.043572
T002952,0.040518
T002953,0.025291
T002954,0.065748
T002955,0.037102
T002956,0.035737
T002957,0.091869
T002958,0.096173
T002959,0.0538
T002960,0.042642
T002961,0.077213
T002962,0.027052
T002963,0.035135
T002964,0.040135
T002965,0.025167
T002966,0.272738
T002967,0.037869
T002968,0.069174
T002969,0.16715
T002970,0.177064
T002971,0.088978
T002972,0.042602
T002973,0.032545
T002974,0.04513
T002975,0.042129
T002976,0.037082
T002977,0.043142
T002978,0.046613
T002979,0.059773
T002980,0.026337
T002981,0.042771
T002982,0.110322
T002983,0.029846
T002984,0.061253
T002985,0.132017
T002986,0.087174
T002987,0.069684
T002988,0.037106
T002989,0.042501
T002990,0.027192
T002991,0.106395
T002992,0.05253
T002993,0.031565
T002994,0.043285
T002995,0.052395
T002996,0.029762
T002997,0.043854
T002998,0.0738
T002999,0.046131
T003000,0.047533
